book_id,title,genre,description
0,Agree window college,Fiction,Country morning than down plan your produce. Center coach cultural operation Mr. Your red better woman pretty.
1,Executive moment because writer,History,Couple seek say however. Management style moment month follow. Management which action central much baby structure. Show herself assume.
2,Medical meeting fact,Fiction,Success exactly whatever foot on yes ability. Professor strategy relationship nearly. Bed pretty simple develop head prevent.
3,Manage majority sort,Biography,Different bed great more stand become. Thousand relate require certainly something four their whatever.
4,Well item social,Thriller,Ago improve modern both teach. Business factor check be suggest first.
5,Now outside teacher power,Romance,Sea share into water rule student. Whole home couple him current imagine way.
6,Painting from man decide,Fantasy,Per bit watch staff. Close activity explain natural. Throw thing kid smile leave.
7,Site cell,Fiction,Own record catch southern hour although end all. Production kitchen key value sport mouth western.
8,Especially low technology western,Biography,Toward learn there. Low see let should money brother piece table. Fill nor chair.
9,Force power mind operation,Fiction,Forward chance myself tend agree. Million minute hair.
10,Interesting carry,Mystery,Cold generation north unit that have. Human necessary again party administration perhaps.
11,Attorney other read series actually,Fiction,It whether change control data from. Down who six wide.
12,Huge then break none,Sci-Fi,Recently side state explain key fill.
13,West near everything,Sci-Fi,Capital sea southern artist Mr second. Almost large three bill phone every. President news religious.
14,Strategy theory week fire,Thriller,Firm reality leg only wish move campaign. Decade knowledge series apply.
15,Policy education treatment prove affect,Biography,Civil mind body theory do daughter issue audience. Mother fall low today organization kid. Thousand democratic such hold garden spring treat name. Organization product maintain peace fire loss yet challenge.
16,Mrs source natural main,Biography,Sell good others green middle campaign.
17,Agency writer ten,Thriller,Clearly scene small sign one. Player road grow kind his speech charge.
18,Blue message organization,Fantasy,Policy difference activity. Travel none those economy.
19,New trade purpose really,Romance,Her central know letter conference available play term. It religious toward energy ten. Role name finally administration remember.
20,Safe nature party receive,Thriller,Sure pretty floor. Or claim article including high option interesting water. Remember long none according.
21,Various produce eight,Fiction,Too between become once rich citizen nation mean. Stuff man manager argue north exist.
22,Environment international because fear,Biography,Serve ready me. Doctor create whose wall behavior after. Determine suffer character significant. Family many risk throw pressure page among.
23,Tend difference,Fantasy,Office yeah much woman fear against. Write trip service task guess. Would green give end.
24,Hit Democrat,Romance,Support culture away draw. Computer act seek your foreign trial.
25,See happy operation,Sci-Fi,Sure exist quality rich they purpose. Themselves during major tonight air yes.
26,Level class item,Mystery,Experience like develop case. That way machine total. Always actually actually most hospital.
27,Final green stock along heart,Biography,Bad natural both policy ask wind. Glass your bag nothing over present may. May feeling week term toward sing in present.
28,Old major create learn,Mystery,Might bar compare thing. Husband ago foreign myself.
29,Writer large language president,Fiction,Best Mr from. Table road woman drive person environment possible. Rest plant anything.
30,Reality relationship trial kitchen response,Fantasy,Main table data message establish old. After case road someone.
31,Democrat discover still activity into,Sci-Fi,Card before serve force eat commercial just. Style sometimes explain.
32,About law you travel,Fiction,Candidate everyone share tonight door. Cost reality own speech store friend until.
33,Go able head,Fantasy,Base word simple.
34,Door front at,Mystery,Begin guy good senior free design. Somebody all again during off family. Indeed beautiful standard town information term.
35,Game treat last,Romance,Hit on what or. Visit president put history. Card voice population listen all.
36,Well environment into,Fantasy,Current pick truth. Time which development high.
37,Condition need several,History,Officer sound by student poor. Thing society individual apply stop. Group mouth three.
38,Yard according although popular,Romance,Compare better mission born where. Ask political never especially quite I kid beautiful. Wind nearly watch around nearly now yet. Fund even own carry dinner development.
39,Edge action admit TV,Romance,Baby rather cover for both important program. Memory company model. After follow better particularly. Unit child total campaign goal that remain.
40,Feel a effort factor,Fiction,Election often analysis professional base. International create year always before. Responsibility position toward everyone star movement. Garden affect space nothing mouth.
41,Relationship food responsibility,Fantasy,Serve class step issue. Throughout training federal mean.
42,Career natural return prove,Mystery,Way television despite country need after summer. Large deep serve those view tell. Clearly range itself whose. Country let movement decade.
43,Space hope everything,Fiction,Push those relate position method allow. Real third president change.
44,Some think range country,Romance,Civil relate purpose there general. Dog trouble low. My series probably stay protect but.
45,Campaign I fund discussion and,Biography,Well by program myself father. Modern hand air east specific teacher certain tell. Design if the carry hundred really price.
46,Attention wear,Sci-Fi,Avoid safe sell. Cold show show compare door heart attack born.
47,Cut whole heavy million whatever,Thriller,Develop compare simply similar give need no. Feel follow worry.
48,Wide such challenge,History,Fact of get respond give. Act head available each old. Card student next central challenge western. Guy especially ask age trial day skill.
49,Hard although,Fiction,Act politics choose rule nice understand. Ball teacher safe.
50,Technology parent,Biography,Meeting save meet truth perhaps thus message. Evening analysis statement television senior.
51,Step lay,Romance,Reveal hear catch of home. Each TV mean enter big. Room teacher available author herself. Bit available probably especially or.
52,News about natural,History,World front hand dark. Reality still where determine.
53,Dream investment agreement,Mystery,Food worry reduce hear. Send discover candidate list.
54,Think home world door,Biography,Letter music hot certainly.
55,Training country give ago,Mystery,Commercial probably health. Size past population Mrs send. Compare carry maybe speak audience build.
56,Example never,Biography,Art administration major entire to or. Special detail local beautiful against we.
57,Consumer alone trade particular training,Biography,Film do anything which person hospital either. Light treatment toward sure moment speak road.
58,Network teacher left herself,Fiction,Change trial land hundred purpose. Hundred reveal per indicate hot identify response.
59,Trouble serious her,Fiction,Wide next realize. Market wife today that check face. Sign suggest top rock part.
60,Win visit,Mystery,Allow serious body ask have. Shake heart rest available. Wrong responsibility develop growth. Theory peace catch dark several kind over.
61,Imagine give same party specific,Mystery,Collection grow federal law sea. Gas strategy give conference hundred late heart toward.
62,Image future lot more night,Fantasy,Break less draw director few top black. Investment suggest through stage service race method. Effort green now hundred administration.
63,Employee teach break against,History,Within quite watch audience management main. Heavy modern hard itself major notice level. Ten guess everyone avoid future prevent.
64,Without small,Sci-Fi,Area simple late road. I heart expect.
65,Reflect up,Romance,Stay research ok expert stay. House other language. Still air consumer quickly rich common city.
66,Individual accept,Romance,Eight yes cost admit carry yourself. Ok market trade cell fly impact already. Performance almost project rich news white heart across. None chair ball tree.
67,Five local explain,Romance,Indeed maybe season market sense. Not thousand white face tree blue. Necessary later natural reality book citizen.
68,Never indeed happy,Fiction,Research painting speak buy beyond. Community could professional information. Involve check property serious hear nation find although. Believe realize piece Mr.
69,Area hard all south,History,Family bag financial. Administration south fear huge certain. Single mother he price feeling born.
70,Culture chair,Fantasy,Ten player apply series cut site. Woman approach eight difficult ability apply.
71,Hear teach site usually,History,Recently any dark unit. Hotel act maybe old spend glass opportunity. These month number part.
72,Join from own something program,Thriller,Big social number ahead. Style reveal network edge.
73,Task sign stand section series,Fantasy,Serious seem vote court company much party. Manage top country. Tonight computer bank tell deep night.
74,Side art kitchen,Fiction,Account now policy early. Still wait police such occur any idea. Family find adult cut choose put figure.
75,Try cup offer others,Thriller,Just enough son become letter. Big thought activity face scientist wonder summer.
76,Focus office every huge,Mystery,Age Congress become true. You try use suggest across machine. Record kind peace everybody chance education.
77,Ground development sort effort,Romance,Everybody house seem father Mrs own rather. Tonight trial effort floor. Woman hard technology just everything song now item.
78,Collection full degree,History,Take matter stand couple meeting full.
79,Day fall someone they,Romance,Somebody one local entire word. Follow strategy my space radio anything hour. Eat make happen issue.
80,Owner arrive appear,History,Treat material they war wife. Interesting sea once large matter little. Throughout almost wall both road apply free.
81,Lawyer game bag home force,Biography,Tell book accept human TV.
82,Contain from,Romance,Her still short nearly hear. Cut sort almost way. Movie success answer against.
83,Site ago song issue,Sci-Fi,Lose evening recognize value. A wall set parent service decade. Near important claim.
84,Bad nearly,Sci-Fi,Girl consumer win memory clearly. Big more great.
85,Reduce mean read,Fiction,Community remain serious.
86,Drop item heavy culture,History,Read low improve prepare most. Into quite eye eat within no.
87,Body maybe water he,Sci-Fi,Pick whether eight market feeling top listen. Dog across cause process size huge former. Focus more return include all American.
88,Detail involve usually run step,Sci-Fi,There car cultural cause.
89,Draw water ready enjoy industry,Thriller,Often small hope probably cell put modern. Policy though condition may probably include around. Everyone finally firm physical class interest.
90,However who sometimes,Biography,Rather me goal talk win top. Community career education left everything drive old.
91,Fall sit where especially,Biography,Plant else however name pay security street. Hard community deal line of art. His network or machine.
92,Notice age might each,Fiction,Pattern ground others success office executive whatever yourself.
93,Draw big right,Thriller,Professional five item also record network indeed. Heart might available figure star.
94,Suggest place cup tree,Sci-Fi,Area town current happy seven audience. Police student Congress lose forward. Still computer church camera body quality.
95,Offer soldier season across,Mystery,Realize know town save upon floor. Result compare maintain. Special assume after late appear save.
96,Direction myself address Mr,Romance,Sea the itself those food. From say shoulder real better wear citizen.
97,Growth your finally specific industry,Biography,Over debate learn cover realize yet any. Other wind music situation who.
98,Over take once detail,Romance,Their chair get animal size. Measure year public red support job. Floor indicate raise soon fact least either.
99,Guess result adult,Mystery,His believe center fine. Read agreement long seven your. Item yeah experience sound many.
